{
  "rain_mm": 100.0,
  "n_canals": 3,
  "flooded_volume_m3": {
    "before": 1116860,
    "after": 1026852
  },
  "reduction_pct": 8.1,
  "outfalls": "pits+river",
  "canals": [
    {
      "length_m": 4200,
      "basin_volume_m3": 284141,
      "from_latlon": [
        12.94975,
        77.61552
      ],
      "to_latlon": [
        12.92981,
        77.64516
      ],
      "path_latlon": [
        [
          12.94975,
          77.61552
        ],
        [
          12.94975,
          77.61714
        ],
        [
          12.94868,
          77.61875
        ],
        [
          12.94706,
          77.61875
        ],
        [
          12.94598,
          77.61983
        ],
        [
          12.9449,
          77.62037
        ],
        [
          12.94544,
          77.62199
        ],
        [
          12.94382,
          77.62253
        ],
        [
          12.94221,
          77.62414
        ],
        [
          12.94113,
          77.62576
        ],
        [
          12.94005,
          77.62684
        ],
        [
          12.93844,
          77.62684
        ],
        [
          12.93682,
          77.62738
        ],
        [
          12.93628,
          77.62899
        ],
        [
          12.9352,
          77.63061
        ],
        [
          12.9352,
          77.63223
        ],
        [
          12.93358,
          77.63384
        ],
        [
          12.93251,
          77.63546
        ],
        [
          12.93089,
          77.63708
        ],
        [
          12.92927,
          77.6387
        ],
        [
          12.92927,
          77.64031
        ],
        [
          12.92927,
          77.64193
        ],
        [
          12.92927,
          77.64355
        ],
        [
          12.92981,
          77.64516
        ]
      ]
    },
    {
      "length_m": 2040,
      "basin_volume_m3": 158150,
      "from_latlon": [
        12.93736,
        77.62845
      ],
      "to_latlon": [
        12.92981,
        77.64516
      ],
      "path_latlon": [
        [
          12.93736,
          77.62845
        ],
        [
          12.93628,
          77.62899
        ],
        [
          12.9352,
          77.63061
        ],
        [
          12.93358,
          77.63223
        ],
        [
          12.93197,
          77.63384
        ],
        [
          12.93089,
          77.63546
        ],
        [
          12.93035,
          77.63708
        ],
        [
          12.92927,
          77.6387
        ],
        [
          12.92927,
          77.64031
        ],
        [
          12.92927,
          77.64193
        ],
        [
          12.92927,
          77.64355
        ],
        [
          12.92981,
          77.64516
        ]
      ]
    },
    {
      "length_m": 3300,
      "basin_volume_m3": 112620,
      "from_latlon": [
        12.96754,
        77.67373
      ],
      "to_latlon": [
        12.93844,
        77.67211
      ],
      "path_latlon": [
        [
          12.96754,
          77.67373
        ],
        [
          12.96592,
          77.67373
        ],
        [
          12.96431,
          77.67373
        ],
        [
          12.96269,
          77.67373
        ],
        [
          12.96107,
          77.67373
        ],
        [
          12.95946,
          77.67373
        ],
        [
          12.95784,
          77.67211
        ],
        [
          12.95622,
          77.67211
        ],
        [
          12.9546,
          77.67157
        ],
        [
          12.95299,
          77.67157
        ],
        [
          12.95137,
          77.67157
        ],
        [
          12.94975,
          77.67157
        ],
        [
          12.94814,
          77.67157
        ],
        [
          12.94652,
          77.67157
        ],
        [
          12.9449,
          77.67211
        ],
        [
          12.94329,
          77.67265
        ],
        [
          12.94167,
          77.67265
        ],
        [
          12.94005,
          77.67265
        ],
        [
          12.93844,
          77.67211
        ]
      ]
    }
  ],
  "storage_sites": [
    {
      "site": 0,
      "latlon": [
        12.94113,
        77.66241
      ],
      "excavation_m3": 140400
    },
    {
      "site": 1,
      "latlon": [
        12.92334,
        77.64031
      ],
      "excavation_m3": 140400
    },
    {
      "site": 2,
      "latlon": [
        12.91364,
        77.6166
      ],
      "excavation_m3": 140400
    },
    {
      "site": 3,
      "latlon": [
        12.91849,
        77.62684
      ],
      "excavation_m3": 140400
    },
    {
      "site": 4,
      "latlon": [
        12.92981,
        77.64516
      ],
      "excavation_m3": 140400
    },
    {
      "site": 5,
      "latlon": [
        12.92227,
        77.64301
      ],
      "excavation_m3": 140400
    },
    {
      "site": 6,
      "latlon": [
        12.91849,
        77.62684
      ],
      "excavation_m3": 140400
    },
    {
      "site": 7,
      "latlon": [
        12.95299,
        77.64139
      ],
      "excavation_m3": 140400
    }
  ]
}