{
  "rain_mm": 100.0,
  "n_canals": 3,
  "flooded_volume_m3": {
    "before": 1149528,
    "after": 854010
  },
  "reduction_pct": 25.7,
  "outfalls": "pits+river",
  "canals": [
    {
      "length_m": 4200,
      "basin_volume_m3": 284141,
      "from_latlon": [
        12.94975,
        77.61552
      ],
      "to_latlon": [
        12.92981,
        77.64516
      ],
      "path_latlon": [
        [
          12.94975,
          77.61552
        ],
        [
          12.94814,
          77.61606
        ],
        [
          12.9476,
          77.61714
        ],
        [
          12.9476,
          77.61875
        ],
        [
          12.94652,
          77.62037
        ],
        [
          12.94544,
          77.62145
        ],
        [
          12.94544,
          77.62306
        ],
        [
          12.94436,
          77.6236
        ],
        [
          12.94382,
          77.62522
        ],
        [
          12.94221,
          77.62684
        ],
        [
          12.94059,
          77.62738
        ],
        [
          12.93951,
          77.62845
        ],
        [
          12.9379,
          77.62953
        ],
        [
          12.93628,
          77.62953
        ],
        [
          12.9352,
          77.63115
        ],
        [
          12.93412,
          77.63277
        ],
        [
          12.93305,
          77.63438
        ],
        [
          12.93143,
          77.636
        ],
        [
          12.93089,
          77.63762
        ],
        [
          12.92927,
          77.6387
        ],
        [
          12.92927,
          77.64031
        ],
        [
          12.92927,
          77.64193
        ],
        [
          12.92873,
          77.64355
        ],
        [
          12.92981,
          77.64516
        ]
      ]
    },
    {
      "length_m": 2100,
      "basin_volume_m3": 158150,
      "from_latlon": [
        12.93736,
        77.62845
      ],
      "to_latlon": [
        12.92981,
        77.64516
      ],
      "path_latlon": [
        [
          12.93736,
          77.62845
        ],
        [
          12.93628,
          77.62899
        ],
        [
          12.9352,
          77.63061
        ],
        [
          12.93466,
          77.63223
        ],
        [
          12.93305,
          77.63384
        ],
        [
          12.93197,
          77.63546
        ],
        [
          12.93143,
          77.63708
        ],
        [
          12.92981,
          77.63816
        ],
        [
          12.92927,
          77.63977
        ],
        [
          12.92927,
          77.64139
        ],
        [
          12.92873,
          77.64301
        ],
        [
          12.92927,
          77.64462
        ]
      ]
    },
    {
      "length_m": 3780,
      "basin_volume_m3": 112620,
      "from_latlon": [
        12.96754,
        77.67373
      ],
      "to_latlon": [
        12.94113,
        77.66241
      ],
      "path_latlon": [
        [
          12.96754,
          77.67373
        ],
        [
          12.96754,
          77.67265
        ],
        [
          12.96646,
          77.67157
        ],
        [
          12.96538,
          77.6705
        ],
        [
          12.96538,
          77.66888
        ],
        [
          12.96431,
          77.66834
        ],
        [
          12.96377,
          77.66726
        ],
        [
          12.96215,
          77.6678
        ],
        [
          12.96107,
          77.66726
        ],
        [
          12.95946,
          77.66618
        ],
        [
          12.95784,
          77.66564
        ],
        [
          12.95622,
          77.66457
        ],
        [
          12.9546,
          77.66457
        ],
        [
          12.95299,
          77.66403
        ],
        [
          12.95137,
          77.66295
        ],
        [
          12.94975,
          77.66133
        ],
        [
          12.94814,
          77.66025
        ],
        [
          12.94652,
          77.65918
        ],
        [
          12.9449,
          77.66025
        ],
        [
          12.94382,
          77.66187
        ],
        [
          12.94221,
          77.66187
        ]
      ]
    }
  ],
  "storage_sites": [
    {
      "site": 0,
      "latlon": [
        12.94113,
        77.66241
      ],
      "excavation_m3": 140400
    },
    {
      "site": 1,
      "latlon": [
        12.92334,
        77.64031
      ],
      "excavation_m3": 140400
    },
    {
      "site": 2,
      "latlon": [
        12.91364,
        77.6166
      ],
      "excavation_m3": 140400
    },
    {
      "site": 3,
      "latlon": [
        12.91849,
        77.62684
      ],
      "excavation_m3": 140400
    },
    {
      "site": 4,
      "latlon": [
        12.92981,
        77.64516
      ],
      "excavation_m3": 140400
    },
    {
      "site": 5,
      "latlon": [
        12.92227,
        77.64301
      ],
      "excavation_m3": 140400
    },
    {
      "site": 6,
      "latlon": [
        12.91849,
        77.62684
      ],
      "excavation_m3": 140400
    },
    {
      "site": 7,
      "latlon": [
        12.95299,
        77.64139
      ],
      "excavation_m3": 140400
    }
  ],
  "routing": "urban-aware (OSM roads preferred, buildings avoided)"
}