{
  "rain_mm": 100.0,
  "n_canals": 3,
  "flooded_volume_m3": {
    "before": 1385897,
    "after": 1162497
  },
  "reduction_pct": 16.1,
  "canals": [
    {
      "length_m": 2160,
      "from_latlon": [
        25.61115,
        85.17161
      ],
      "to_latlon": [
        25.59929,
        85.15274
      ],
      "path_latlon": [
        [
          25.59929,
          85.15274
        ],
        [
          25.59929,
          85.15436
        ],
        [
          25.59983,
          85.15598
        ],
        [
          25.60145,
          85.15759
        ],
        [
          25.60306,
          85.15921
        ],
        [
          25.60468,
          85.16083
        ],
        [
          25.6063,
          85.16244
        ],
        [
          25.60738,
          85.16406
        ],
        [
          25.60738,
          85.16568
        ],
        [
          25.60845,
          85.1673
        ],
        [
          25.61007,
          85.16891
        ],
        [
          25.61061,
          85.17053
        ]
      ]
    },
    {
      "length_m": 1320,
      "from_latlon": [
        25.62462,
        85.12795
      ],
      "to_latlon": [
        25.63594,
        85.12795
      ],
      "path_latlon": [
        [
          25.63594,
          85.12795
        ],
        [
          25.63432,
          85.12795
        ],
        [
          25.63271,
          85.12795
        ],
        [
          25.63109,
          85.12795
        ],
        [
          25.62947,
          85.12795
        ],
        [
          25.62786,
          85.12795
        ],
        [
          25.62624,
          85.12795
        ],
        [
          25.62462,
          85.12795
        ]
      ]
    },
    {
      "length_m": 1320,
      "from_latlon": [
        25.63163,
        85.10531
      ],
      "to_latlon": [
        25.63325,
        85.11663
      ],
      "path_latlon": [
        [
          25.63325,
          85.11663
        ],
        [
          25.63325,
          85.11501
        ],
        [
          25.63325,
          85.1134
        ],
        [
          25.63271,
          85.11178
        ],
        [
          25.63271,
          85.11016
        ],
        [
          25.63271,
          85.10855
        ],
        [
          25.63271,
          85.10693
        ],
        [
          25.63163,
          85.10531
        ]
      ]
    }
  ],
  "storage_sites": [
    {
      "site": 0,
      "latlon": [
        25.61708,
        85.14574
      ],
      "excavation_m3": 140400
    },
    {
      "site": 1,
      "latlon": [
        25.60684,
        85.13011
      ],
      "excavation_m3": 140400
    },
    {
      "site": 2,
      "latlon": [
        25.59929,
        85.15274
      ],
      "excavation_m3": 140400
    },
    {
      "site": 3,
      "latlon": [
        25.63594,
        85.12795
      ],
      "excavation_m3": 140400
    },
    {
      "site": 4,
      "latlon": [
        25.63109,
        85.14035
      ],
      "excavation_m3": 140400
    },
    {
      "site": 5,
      "latlon": [
        25.63163,
        85.14789
      ],
      "excavation_m3": 140400
    },
    {
      "site": 6,
      "latlon": [
        25.6354,
        85.12148
      ],
      "excavation_m3": 140400
    },
    {
      "site": 7,
      "latlon": [
        25.63325,
        85.11663
      ],
      "excavation_m3": 140400
    }
  ]
}