{
  "csi": 0.06996521066872825,
  "pod": 0.13806254767353165,
  "far": 0.8757721345229924,
  "hits": 362,
  "misses": 2260,
  "false_alarms": 2552,
  "event_date": "2025-08-02",
  "rain_mm": 73.1,
  "tau_m": 0.15,
  "model": "dynamic_twin"
}